{
    "ConfidenceThreshold": 0.5,
    "CalibrationConfidenceThreshold": 0.800000011920929,
    "MaxHandOffset": 0.15000000596046449,
    "RecalibrationThreshold": 0.05000000074505806
}